Id,Uuid,TeamNumber,MatchNumber,ScoutName,Comments,Auto_Leave,Auto_Speaker,Auto_Amp,Tele_Speaker,Tele_Amp,Tele_Amped_Speaker,Tele_Coop,Endgame_Parked,Endgame_OnStage,Endgame_Harmony,Endgame_Spotlit,Endgame_Trap,Auto_Points,Tele_Points,Endgame_Points,ScoutScore
,bf0794a2-db3f-4cc7-830f-eaae645978a6,133,8,Nicholas,,1.00,4.00,0.00,3.00,3.00,0.00,0.00,0.00,1.00,0.00,0.00,1.00,22.00,9.00,8.00,0.00
,584553ea-d228-4f03-a5a8-eb1c88b9e5ee,133,16,Zander, wow,0.00,1.00,0.00,5.00,4.00,0.00,0.00,0.00,1.00,0.00,0.00,1.00,5.00,14.00,8.00,0.00
,709bcc91-7bd1-49d8-9370-0f0e26d0a14a,133,24,Jean,,1.00,5.00,0.00,3.00,4.00,0.00,0.00,0.00,1.00,0.00,1.00,0.00,27.00,10.00,4.00,0.00
,6eec7237-447a-4a21-aef9-9ec1073d2539,133,29,Anton,I love bert,0.00,0.00,0.00,0.00,0.00,0.00,0.00,0.00,0.00,0.00,0.00,0.00,0.00,0.00,0.00,0.00
,273b15e4-d3b3-4fb1-879d-17015d7dc576,133,40,terri,,0.00,1.00,0.00,2.00,7.00,0.00,0.00,0.00,1.00,1.00,0.00,1.00,5.00,11.00,10.00,0.00
,949c11be-bcdd-4396-bc16-c88b9af68c50,133,44,rachek,Wow,0.00,0.00,0.00,0.00,0.00,0.00,0.00,0.00,0.00,0.00,0.00,0.00,0.00,0.00,0.00,0.00
,7bb43e26-2b99-4582-99c4-b83b09ef193e,133,52,Zander,Hi Keith!,0.00,2.00,0.00,0.00,5.00,0.00,0.00,0.00,1.00,0.00,0.00,1.00,10.00,5.00,8.00,0.00
,8cc31a5f-6be8-4220-a0d4-c6168c9a6d96,166,2,Chase,Got note stuck. Defense = 3. Stability = 3. Efficiency = 3. Auto = 4. Human player = 4. ,1.00,3.00,0.00,0.00,3.00,0.00,0.00,0.00,1.00,0.00,0.00,0.00,17.00,3.00,3.00,17.00
,57b08d25-f495-4fcf-9410-034938aa2738,166,11,DAB,"Stuck note, played defense.",1.00,0.00,0.00,0.00,0.00,0.00,0.00,0.00,1.00,0.00,0.00,0.00,2.00,0.00,3.00,0.00
,671aae4e-e1e9-4668-af9f-aa617f2434ca,166,15,Nicholas,"Can go under the chain. Can hang on chain. Swerve. Quick cycles, shoots across the field for support.",1.00,1.00,0.00,4.00,4.00,0.00,0.00,0.00,1.00,0.00,0.00,0.00,7.00,12.00,3.00,0.00
,089672c2-5546-4c07-a26c-3a714fac411c,166,23,Nicholas,Supportive. Swerve. short.,1.00,1.00,0.00,1.00,3.00,0.00,0.00,0.00,1.00,0.00,0.00,0.00,7.00,5.00,3.00,0.00
,880134b4-6d0e-4d85-94ed-a3ef044df8f7,166,26,Gabber,Kept shooting a crossed the feild,1.00,3.00,0.00,1.00,4.00,1.00,0.00,0.00,1.00,0.00,0.00,0.00,17.00,11.00,3.00,0.00
,a9cc6215-d2d3-4fc3-b26a-3991082d6f33,166,33,ash,Can hang on chain. Auto = 3. Speed = 5. Efficiency = 4. Accuracy = 5. ,1.00,2.00,0.00,4.00,4.00,0.00,0.00,0.00,1.00,0.00,0.00,0.00,12.00,12.00,3.00,17.00
,b376406c-b8de-4593-b384-cb7a42bcce16,166,40,Chase,Auto = 4. Speed = 3. Accuracy = 4. Defense = 3. ,1.00,2.00,0.00,0.00,7.00,1.00,0.00,0.00,1.00,0.00,0.00,0.00,12.00,12.00,3.00,14.00
,659da528-6b2e-4518-bb45-8b10b1e90b05,166,43,Anton,Auto = 4. Speed = 4. Efficiency = 4. Can hang on chain. Can go under the chain. ,1.00,1.00,0.00,3.00,4.00,0.00,0.00,0.00,1.00,0.00,0.00,0.00,7.00,10.00,3.00,12.00
,297ed57c-5d11-4eb4-a703-6ecb4d16c5cb,166,49,GABE,,1.00,1.00,0.00,2.00,2.00,1.00,0.00,0.00,1.00,0.00,0.00,0.00,7.00,11.00,3.00,0.00
,ad197e04-ff22-49e0-9dc9-c0f143452b1d,172,2,Ash,Auto = 4. Speed = 4. Can hang on chain. ,1.00,1.00,0.00,6.00,0.00,0.00,0.00,0.00,1.00,0.00,0.00,0.00,7.00,12.00,3.00,8.00
,bd4998b5-b178-404c-9a8d-3bb5f474c56c,172,6,Zander,Potential 4 piece auto. ,0.00,1.00,0.00,2.00,1.00,0.00,0.00,1.00,0.00,0.00,0.00,0.00,5.00,5.00,1.00,0.00
,28d58bf7-ea86-4dda-b882-01ee540274dc,172,14,Nicholas,Swerve. good fast cycles. can't get too close or it can't make it in. Can go under the chain. Speaker only.,1.00,1.00,0.00,10.00,0.00,0.00,0.00,1.00,0.00,0.00,0.00,0.00,7.00,20.00,1.00,0.00
,c14bb51d-5b2e-4768-bde3-8cb9613ceee9,172,20,Nicholas,"Did about as well as before. shots are inconsistent, and under powered",1.00,2.00,0.00,4.00,0.00,0.00,0.00,0.00,1.00,1.00,0.00,0.00,12.00,8.00,5.00,0.00
,cb94c61c-dc0e-4533-8ce2-e398d81b5333,172,27,Nicholas,Makes half of their shots. medium speed cycles.,1.00,0.00,0.00,6.00,0.00,0.00,0.00,0.00,1.00,0.00,0.00,0.00,2.00,12.00,3.00,0.00
,80b75e62-4251-42fa-9b6d-8ffab9bc6976,172,35,rachkl,Had a note pickup problem. not shooting on target,1.00,4.00,0.00,5.00,0.00,0.00,0.00,1.00,0.00,0.00,0.00,0.00,22.00,10.00,1.00,0.00
,2f2b6c5a-e85b-4efa-b691-fdb9416c7a24,172,40,Anton,Can hang on chain. Auto = 4. Speed = 4. Efficiency = 4. Accuracy = 4. Can go under the chain. ,1.00,1.00,0.00,4.00,0.00,0.00,0.00,0.00,1.00,0.00,0.00,0.00,7.00,8.00,3.00,16.00
,c1d7dd74-5133-45d8-b869-94c26582ef3c,172,46,Zander,,0.00,3.00,0.00,6.00,0.00,0.00,0.00,0.00,1.00,0.00,0.00,0.00,15.00,12.00,3.00,0.00
,13861465-c915-432c-8833-13ed8c485be7,501,5,Nicholas,Slow. tall. might be able to do trap. should be able to do amp and speaker. ,0.00,0.00,0.00,4.00,0.00,0.00,1.00,0.00,1.00,0.00,0.00,0.00,0.00,8.00,3.00,0.00
,8c29ae8f-363f-413f-be5b-60c69e54906e,501,8,rackel,TALL,0.00,0.00,0.00,4.00,0.00,0.00,0.00,0.00,1.00,0.00,0.00,0.00,0.00,8.00,3.00,0.00
,9591f85d-7a62-41ca-8c52-229b3cb00c7e,501,18,logan,Tippy,0.00,0.00,0.00,4.00,1.00,0.00,0.00,0.00,1.00,0.00,0.00,1.00,0.00,9.00,8.00,0.00
,d0a66c06-eb16-4878-aaa6-56905afded75,501,22,Zander,They are very tall. ,1.00,0.00,0.00,3.00,0.00,0.00,0.00,0.00,1.00,0.00,0.00,0.00,2.00,6.00,3.00,0.00
,3f7929d5-3f83-4348-a873-b23b87aa123c,501,27,Anton,Auto = 3. Speed = 3. Efficiency = 3. Stability = 1. Can hang on chain. ,0.00,2.00,0.00,3.00,0.00,0.00,0.00,1.00,0.00,0.00,0.00,0.00,10.00,6.00,1.00,10.00
,5205125b-34b0-40dd-ad5d-99e85c55a34c,501,30,ash,Can hang on chain. Auto = 2. Speed = 4. Accuracy = 4. ,1.00,1.00,0.00,2.00,0.00,0.00,0.00,0.00,1.00,0.00,0.00,0.00,7.00,4.00,3.00,10.00
,f1b33328-9097-4243-ae1c-c2582f4fe209,501,36,ash,Auto = 2. Speed = 5. Efficiency = 2. Accuracy = 3. Can hang second on chain. Can only score Speaker. ,1.00,1.00,0.00,0.00,0.00,0.00,0.00,1.00,0.00,0.00,0.00,0.00,7.00,0.00,1.00,12.00
,0e4b08ac-4e21-4940-94ee-92b273147bf0,501,46,Nicholas,"Tall bot, slow bot.",0.00,0.00,0.00,1.00,2.00,0.00,0.00,0.00,1.00,0.00,0.00,1.00,0.00,4.00,8.00,0.00
,0e085897-2c29-4e67-bbd0-d821d1d54094,501,49,terrj,Can hang on chain. ,1.00,1.00,0.00,5.00,0.00,0.00,0.00,0.00,1.00,0.00,0.00,0.00,7.00,10.00,3.00,0.00
,0f5a6e12-6837-476b-ba11-bd5a2b5a5b90,663,1,Anton,Auto = 0. Speed = 3. Efficiency = 4. Accuracy = 4. Defense = 5. Good primary.,0.00,0.00,0.00,5.00,1.00,0.00,0.00,1.00,0.00,0.00,0.00,0.00,0.00,11.00,1.00,16.00
,04c0e1a1-5498-40da-aec4-e24d8169b562,663,8,Zander,Drags pieces on the ground as they carry them,0.00,0.00,0.00,5.00,0.00,0.00,0.00,0.00,1.00,0.00,0.00,0.00,0.00,10.00,3.00,0.00
,eac47430-6719-4f66-877c-da191a99c9bd,663,14,Zander,They shoot their pieces a little weird. they almost always hit the edge of the speaker and they bounce out a lot. ,0.00,2.00,0.00,2.00,1.00,0.00,0.00,0.00,1.00,0.00,0.00,0.00,10.00,5.00,3.00,0.00
,1b517361-31eb-4b9f-9521-d6a3ee5d33c7,663,19,Joyce,"Can hang on chain. Only scored in speaker, unsure if they can score amp",0.00,1.00,0.00,5.00,0.00,0.00,0.00,1.00,0.00,0.00,0.00,0.00,5.00,10.00,1.00,0.00
,f6f082ee-f4ca-4547-92e0-f4bd7e77bcdc,663,28,Nicholas,,1.00,2.00,0.00,5.00,0.00,0.00,0.00,1.00,0.00,0.00,0.00,0.00,12.00,10.00,1.00,0.00
,d8ecfeba-03be-40d6-85af-fb5d4fcf59ee,663,31,ash,Auto = 2. Speed = 5. Efficiency = 3. Can only score Speaker. ,0.00,0.00,0.00,4.00,0.00,0.00,0.00,1.00,0.00,0.00,0.00,0.00,0.00,8.00,1.00,10.00
,186135e7-0fb1-402c-adf0-72af4e1c7fe2,663,40,rachek,Ckunky,0.00,1.00,0.00,6.00,0.00,0.00,1.00,0.00,1.00,0.00,0.00,0.00,5.00,12.00,3.00,0.00
,30bc03c7-d37f-4a06-ac21-42053af7fb1c,663,46,Joyce,Can hang on chain. Can go under the chain. ,0.00,0.00,0.00,4.00,1.00,0.00,0.00,0.00,1.00,0.00,0.00,0.00,0.00,9.00,3.00,0.00
,9866f58d-fe44-47ba-a416-ea5bf3ef2b1b,663,50,GABE,CHOMP CHOMP CHOMP,1.00,2.00,0.00,4.00,2.00,0.00,0.00,0.00,1.00,0.00,0.00,0.00,12.00,10.00,3.00,0.00
,e5d0fbee-e9e4-4cb6-9fb7-e53737dacfcc,1247,3,Anton,Never moved.,0.00,0.00,0.00,0.00,0.00,0.00,0.00,0.00,0.00,0.00,0.00,0.00,0.00,0.00,0.00,0.00
,f11b5e96-452c-4392-b279-bae36e284eac,1247,7,Joyce,Broke down. Never moved. Have a drive out. ,0.00,0.00,0.00,0.00,0.00,0.00,0.00,0.00,0.00,0.00,0.00,0.00,0.00,0.00,0.00,0.00
,94a57bd5-2432-4c4d-8e58-4a69e5756dc0,1247,17,Gage,"Completely died 3 times, like the light would shut off then turn on, also the battery wire was like completely out of the bumpers",0.00,0.00,0.00,0.00,0.00,0.00,0.00,0.00,0.00,0.00,0.00,0.00,0.00,0.00,0.00,0.00
,6c787b37-c9a9-4a1b-ba4c-94e4660af761,1247,21,Anton,Auto = 0. Broke down. ,0.00,0.00,0.00,0.00,0.00,0.00,0.00,0.00,0.00,0.00,0.00,0.00,0.00,0.00,0.00,0.00
,6e24f3bb-d80c-4bb4-b679-040b63cb2226,1247,24,Zander,Auto consists of spinning for 15 seconds straight. They then got a penalty for being in the wrong source and then died. ,0.00,0.00,0.00,0.00,0.00,0.00,0.00,0.00,0.00,0.00,0.00,0.00,0.00,0.00,0.00,0.00
,7a9da2df-560d-4c75-9f96-eaea992076db,1247,30,Zander,"I'm dizzy from watching them spin so much. luckily, they died again. so I had time to recover",0.00,0.00,0.00,0.00,0.00,0.00,0.00,0.00,0.00,0.00,0.00,0.00,0.00,0.00,0.00,0.00
,397eddb6-925f-467a-a864-1b7cc5774709,1247,41,Nicholas,"Shooter didn't work, went to defend. tank drive. ",1.00,0.00,0.00,0.00,0.00,0.00,0.00,1.00,0.00,0.00,0.00,0.00,2.00,0.00,1.00,0.00
,ce4c9f34-a05c-4b36-ab86-bdb1a2ce899b,1247,46,DAB,,1.00,0.00,0.00,0.00,0.00,0.00,0.00,1.00,0.00,0.00,0.00,0.00,2.00,0.00,1.00,0.00
,3fea84c7-a7f2-4c1c-8388-32eb895e69fb,1247,50,Zander,Pure defense,1.00,0.00,0.00,0.00,0.00,0.00,0.00,1.00,0.00,0.00,0.00,0.00,2.00,0.00,1.00,0.00
,18c45c07-0487-4d62-8318-0b47030d792b,1350,1,Ash,Auto = 3. Speed = 5. Accuracy = 5. Can hang on chain. Can only score Speaker. ,1.00,0.00,0.00,4.00,0.00,0.00,0.00,0.00,1.00,0.00,0.00,0.00,2.00,8.00,3.00,13.00
,6d64b7df-2e11-40b8-8695-0880b1c6d736,1350,12,Jean,didn't move. solid orange light all match.,0.00,0.00,0.00,0.00,0.00,0.00,0.00,0.00,0.00,0.00,0.00,0.00,0.00,0.00,0.00,0.00
,15b075db-e9f2-4c6b-9e56-d68192545436,1350,15,DAB,,1.00,1.00,0.00,1.00,0.00,0.00,0.00,1.00,0.00,0.00,0.00,0.00,7.00,2.00,1.00,0.00
,e70c8c2d-68a6-467e-ae08-997e9bb71f49,1350,21,Nicholas,"Could not move, did not lose connection.",0.00,1.00,0.00,0.00,0.00,0.00,0.00,0.00,0.00,0.00,0.00,0.00,5.00,0.00,0.00,0.00
,f58bb291-19ff-4468-aeba-6a82b114d004,1350,25,Zander,Didn't climb high enough. ,1.00,1.00,0.00,3.00,0.00,0.00,0.00,1.00,0.00,0.00,0.00,0.00,7.00,6.00,1.00,0.00
,16c09f4d-0e37-44a5-aaea-9727b48a1d97,1350,35,Anton,Auto = 1. Speed = 5. Efficiency = 4. Stability = 5. Accuracy = 4. Can hang on chain. Very fast shooter.,1.00,0.00,0.00,5.00,0.00,0.00,0.00,0.00,0.00,0.00,0.00,0.00,2.00,10.00,0.00,19.00
,a9c5f224-5478-490d-bc64-cf62d0d213a0,1350,39,Chase,Broke down. ,0.00,0.00,0.00,3.00,0.00,0.00,0.00,0.00,1.00,0.00,0.00,0.00,0.00,6.00,3.00,0.00
,915fda4b-a21f-4e62-9eac-2e6427da6a5e,1350,43,rachek,Note stuck. defence bot.,1.00,1.00,0.00,1.00,0.00,0.00,0.00,0.00,1.00,0.00,0.00,0.00,7.00,2.00,3.00,0.00
,49362c02-0839-4340-ab02-f8a99f0d184b,1350,52,terri,Died,0.00,1.00,0.00,0.00,0.00,0.00,0.00,0.00,0.00,0.00,0.00,0.00,5.00,0.00,0.00,0.00
,210c3145-2ec7-4556-8c22-ff2b8043e14d,1474,5,Zander,,0.00,0.00,0.00,3.00,0.00,0.00,0.00,0.00,1.00,0.00,0.00,0.00,0.00,6.00,3.00,0.00
,daa1268a-dd39-4f5a-8b62-9f0e00ba9e74,1474,11,rackel,Confused robot. keeps arm up all times,0.00,1.00,0.00,2.00,1.00,0.00,0.00,1.00,0.00,0.00,0.00,0.00,5.00,5.00,1.00,0.00
,6a12252c-81e6-4785-ac94-22a72e824c56,1474,16,logan,Not good at all pretty much sat the whole match,0.00,1.00,0.00,0.00,0.00,0.00,1.00,0.00,0.00,0.00,0.00,0.00,5.00,0.00,0.00,0.00
,753d9e46-701d-4783-b411-8ceaadae4a90,1474,22,Jean,Lost several pieces during the match. has a hard time picking up notes and got in its Alliance bot's way.,1.00,1.00,0.00,2.00,1.00,0.00,0.00,1.00,0.00,0.00,0.00,0.00,7.00,5.00,1.00,0.00
,e6b6540e-5afc-42f7-b468-cf2014a078dc,1474,25,Anton,Auto = 1. Speed = 4. Stability = 2. Can hang on chain. ,1.00,0.00,0.00,0.00,3.00,0.00,0.00,0.00,0.00,0.00,0.00,0.00,2.00,3.00,0.00,8.00
,089bd3e5-70f1-499b-a1d4-53701b46d1e3,1474,30,DAB,,0.00,1.00,0.00,0.00,3.00,0.00,0.00,0.00,1.00,0.00,0.00,0.00,5.00,3.00,3.00,0.00
,a71a5204-bc8d-448f-b250-d697b92300aa,1474,39,rachek,Bad cycles,1.00,1.00,0.00,4.00,0.00,0.00,0.00,0.00,1.00,0.00,0.00,0.00,7.00,8.00,3.00,0.00
,38bd606b-eec1-4892-bb05-2b997e1ca3e8,1474,47,Nicholas,,1.00,0.00,0.00,3.00,2.00,0.00,0.00,0.00,1.00,0.00,0.00,0.00,2.00,8.00,3.00,0.00
,ff2ffe77-a9d3-475a-b6c3-b70acf00e905,1474,50,DAB,"Got a ring stuck on them in auto, played defense.",0.00,1.00,0.00,0.00,0.00,0.00,0.00,0.00,1.00,0.00,0.00,0.00,5.00,0.00,3.00,0.00
,507cc45e-fdc3-431d-9242-1050f2bc0973,1512,2,Anton,Auto = 0. Speed = 3. Efficiency = 3. Stability = 4. Defense = 3. Can hang on chain. Can go under the chain.,1.00,0.00,0.00,0.00,4.00,0.00,0.00,0.00,1.00,0.00,0.00,0.00,2.00,4.00,3.00,13.00
,b17f54e8-b62a-4dc4-af29-11463f8384e2,1512,7,rackel,Tried so hard. bad though. battery floating in robot,1.00,0.00,0.00,0.00,0.00,0.00,0.00,0.00,1.00,0.00,0.00,0.00,2.00,0.00,3.00,0.00
,8b6e5872-80ff-407f-9037-58296d6062e3,1512,17,DAB,,1.00,1.00,0.00,0.00,0.00,0.00,0.00,0.00,1.00,0.00,1.00,0.00,7.00,0.00,4.00,0.00
,36c98a58-9593-4004-ae2c-a5e3436fc61d,1512,20,Joyce,Can hang on chain. Auto = None. ,0.00,0.00,0.00,0.00,0.00,0.00,0.00,0.00,0.00,0.00,0.00,0.00,0.00,0.00,0.00,0.00
,fc98a2f5-376b-4e65-8623-28f6fe1020cf,1512,24,Gabber,"Awful, cant shoot and tipped when they went to climb",1.00,0.00,0.00,0.00,0.00,0.00,0.00,0.00,0.00,0.00,0.00,0.00,2.00,0.00,0.00,0.00
,72326149-a3dc-4bfa-9d95-fc3149a2b7f5,1512,32,Zander,Had a little difficulty with floor pickup. ,1.00,1.00,0.00,1.00,1.00,0.00,0.00,0.00,1.00,0.00,0.00,0.00,7.00,3.00,3.00,0.00
,330d14c4-5943-4e2b-8513-ee9b54e7eb38,1512,38,logan,Defense,0.00,0.00,0.00,0.00,0.00,0.00,0.00,0.00,1.00,0.00,0.00,0.00,0.00,0.00,3.00,0.00
,439adc90-a2a0-4f6e-8934-2d1063b50abb,1512,45,Joyce,Speed = Not great. Auto = No auto,0.00,0.00,0.00,0.00,0.00,0.00,0.00,1.00,0.00,0.00,0.00,0.00,0.00,0.00,1.00,0.00
,074d2087-c2c5-420e-9c2f-0f99463983f0,1512,51,Chase,,0.00,1.00,0.00,0.00,0.00,0.00,0.00,0.00,1.00,0.00,0.00,0.00,5.00,0.00,3.00,0.00
,32bab7b3-82b7-4d3f-be9b-e9b9bdba9ff4,1721,3,rackel,Late to the match. defence bot. chased a note around. struggle climb,0.00,0.00,0.00,0.00,0.00,0.00,0.00,0.00,1.00,0.00,0.00,0.00,0.00,0.00,3.00,0.00
,1934d9b0-3873-4c70-afb1-9e81d60730ab,1721,8,Joyce,,0.00,0.00,0.00,0.00,0.00,0.00,0.00,0.00,1.00,0.00,0.00,0.00,0.00,0.00,3.00,0.00
,bc79592a-d59e-419a-9ad9-4ba11b2bdd95,1721,13,Gage,"Decent at amp, but its slow",0.00,1.00,0.00,2.00,5.00,0.00,0.00,1.00,0.00,0.00,0.00,0.00,5.00,9.00,1.00,0.00
,e2c4a97d-bd1e-4e68-877f-1d6bd1d99347,1721,24,Chase,,0.00,1.00,0.00,3.00,0.00,0.00,0.00,0.00,1.00,0.00,0.00,0.00,5.00,6.00,3.00,0.00
,7b5d8920-a94c-4405-91a3-daf0256c15fc,1721,27,Chase,Auto = 0. Speed = 3. Efficiency = 3. Defense = 3. Human player = 3. ,0.00,0.00,0.00,1.00,1.00,0.00,0.00,1.00,0.00,0.00,0.00,0.00,0.00,3.00,1.00,12.00
,c4ee6070-d136-46a0-ba8d-20d9372f2408,1721,32,logan,,0.00,1.00,0.00,0.00,4.00,0.00,1.00,0.00,1.00,0.00,0.00,0.00,5.00,4.00,3.00,0.00
,bbfedf83-9632-4047-aefb-60d35e52ed09,1721,36,Zander,,0.00,0.00,0.00,1.00,3.00,0.00,0.00,0.00,1.00,0.00,0.00,0.00,0.00,5.00,3.00,0.00
,265684f7-ed15-42e2-a42b-a363feb49a4d,1721,45,Anton,,1.00,0.00,0.00,1.00,0.00,0.00,0.00,0.00,1.00,0.00,0.00,0.00,2.00,2.00,3.00,0.00
,8fffa2c9-06c8-4719-a2a4-9debfb21eb42,1721,48,rachek,Climbed at 20 seconds,0.00,0.00,0.00,0.00,2.00,0.00,0.00,0.00,1.00,0.00,0.00,0.00,0.00,2.00,3.00,0.00
,0b220aa5-d9ab-4929-b657-f9742a7a36e6,1729,2,Nicholas,"Can go under the chain. Solid shots, didn't miss. might be able to have a 2 auto. swerve.",1.00,1.00,0.00,6.00,0.00,0.00,1.00,1.00,0.00,0.00,0.00,0.00,7.00,12.00,1.00,0.00
,3775ac18-ed27-4b7b-a54d-4ecd315ca5a6,1729,2,rachek,,1.00,0.00,0.00,0.00,0.00,0.00,0.00,0.00,0.00,0.00,0.00,0.00,2.00,0.00,0.00,0.00
,922084a9-590e-4d42-93e4-6d2234a93a9f,1729,9,Joyce,,0.00,1.00,0.00,7.00,3.00,0.00,0.00,1.00,0.00,0.00,0.00,0.00,5.00,17.00,1.00,0.00
,4969e82e-23be-45d8-bbe0-75e6d9a849ad,1729,13,logan,Crossed completely over centerline in auto they also got two notes stuck in their robot,1.00,0.00,0.00,2.00,4.00,0.00,1.00,0.00,0.00,0.00,0.00,0.00,2.00,8.00,0.00,0.00
,b6d02af0-f212-4fa5-b8e0-e1212bb71ad4,1729,22,Gabber,Played defense for most if it,1.00,0.00,0.00,0.00,2.00,1.00,0.00,0.00,0.00,0.00,0.00,0.00,2.00,7.00,0.00,0.00
,0e7bd507-a661-42cb-b2fc-5903b637521d,1729,28,Zander,Really good scoring,0.00,0.00,0.00,3.00,3.00,0.00,0.00,0.00,0.00,0.00,0.00,0.00,0.00,9.00,0.00,0.00
,02f3aaed-c032-48e4-81bb-98ffb3e1ef2f,1729,34,Zander,Opened with a score in the opposite amp. then scored a lot. I think they had an intake jam at the end ,0.00,0.00,0.00,3.00,2.00,0.00,0.00,1.00,0.00,0.00,0.00,0.00,0.00,8.00,1.00,0.00
,ae500f04-bb81-4f58-aa23-594af49da22c,1729,39,logan,They just left,1.00,0.00,0.00,0.00,0.00,0.00,0.00,0.00,0.00,0.00,0.00,0.00,2.00,0.00,0.00,0.00
,79c4b0fa-dee3-4cbe-bf62-080bbe6b46b6,1729,42,terri,"Got stuck ring( for 3-4th time),played defense",1.00,2.00,0.00,1.00,0.00,0.00,0.00,1.00,0.00,0.00,0.00,0.00,12.00,2.00,1.00,0.00
,6804796e-670e-4488-a07b-c3fcc3d045e8,1729,51,terri,,1.00,0.00,0.00,4.00,2.00,0.00,0.00,1.00,0.00,0.00,0.00,0.00,2.00,10.00,1.00,0.00
,6550be60-f8f7-430a-894a-0433cefe6813,1831,6,rackel,No auto. rough speaker shot. scared,0.00,0.00,0.00,2.00,0.00,0.00,0.00,1.00,0.00,0.00,0.00,0.00,0.00,4.00,1.00,0.00
,f67f1437-43b0-4fb1-9c7c-4962e428da02,1831,11,Zander,Struggled with their intake a little bit at the beginning. ,0.00,0.00,0.00,3.00,0.00,0.00,0.00,1.00,0.00,0.00,0.00,0.00,0.00,6.00,1.00,0.00
,2e3e0d8b-2852-46a4-b883-25c6de816eb2,1831,18,Nicholas,Defense bot. Can go under the chain. Swerve. ,0.00,0.00,0.00,0.00,0.00,0.00,0.00,0.00,0.00,0.00,0.00,0.00,0.00,0.00,0.00,0.00
,d7123bfe-137f-48e0-82d0-d5882730183b,1831,22,Chase,Auto = 0. Broke down. ,0.00,0.00,0.00,0.00,0.00,0.00,0.00,0.00,0.00,0.00,0.00,0.00,0.00,0.00,0.00,0.00
,de550cdf-b357-4ac9-bca6-93c727a5df63,1831,28,DAB,,0.00,0.00,0.00,0.00,0.00,0.00,0.00,1.00,0.00,0.00,0.00,0.00,0.00,0.00,1.00,0.00
,165e3685-a1cd-47fc-b6ef-2dc16c9ce033,1831,34,Jean,,0.00,0.00,0.00,3.00,0.00,0.00,1.00,0.00,1.00,0.00,0.00,0.00,0.00,6.00,3.00,0.00
,761441a3-06fe-4a30-b401-c04ba9369edd,1831,38,Zander,No robot,0.00,0.00,0.00,0.00,0.00,0.00,0.00,0.00,0.00,0.00,0.00,0.00,0.00,0.00,0.00,0.00
,3be24fda-2436-4545-b3ff-5478e15b8fa8,1831,44,Joyce,Never moved. ,0.00,0.00,0.00,0.00,0.00,0.00,0.00,1.00,0.00,0.00,0.00,0.00,0.00,0.00,1.00,0.00
,b41009ac-1154-4006-a080-701c5fbe1f1d,2342,4,Zander,Strong amp. weak speaker. most speaker shots bounced out,1.00,0.00,0.00,2.00,4.00,0.00,0.00,0.00,0.00,0.00,0.00,0.00,2.00,8.00,0.00,0.00
,29c8e5f9-7190-480c-8e9b-9fb3021e8586,2342,7,Nicholas,"Swerve. quick cycles, speaker only. ",0.00,0.00,0.00,8.00,0.00,0.00,0.00,1.00,0.00,0.00,0.00,0.00,0.00,16.00,1.00,0.00
,d661e111-ae1b-4f14-9f99-85e799c2f119,2342,13,Zander,Got a penalty after another robot ripped a piece out of their intake. also shot several pieces out of the field. ,0.00,0.00,0.00,3.00,0.00,0.00,0.00,0.00,0.00,0.00,0.00,0.00,0.00,6.00,0.00,0.00
,c45adfc0-290e-466d-bb3c-2225d4645837,2342,21,Jean,,1.00,1.00,0.00,1.00,6.00,0.00,1.00,0.00,0.00,0.00,0.00,0.00,7.00,8.00,0.00,0.00
,d666052c-77c1-4414-a45d-c9529bb4dadd,2342,26,Chase,,1.00,1.00,0.00,4.00,0.00,0.00,0.00,1.00,0.00,0.00,0.00,0.00,7.00,8.00,1.00,0.00
,69a3bcbe-8614-4cc5-8dc5-32b7d0e08757,2342,33,logan,,1.00,0.00,0.00,0.00,0.00,0.00,1.00,1.00,0.00,0.00,0.00,0.00,2.00,0.00,1.00,0.00
,30d41ec4-c4e7-4ddb-bf6e-d7a13c55d817,2342,36,logan,,0.00,1.00,0.00,4.00,4.00,0.00,1.00,0.00,0.00,0.00,0.00,0.00,5.00,12.00,0.00,0.00
,a62620c4-9b62-4493-99a0-0ce83c4756cf,2342,41,rachek,Note stuck. just really bad,1.00,1.00,0.00,0.00,2.00,0.00,0.00,0.00,0.00,0.00,0.00,0.00,7.00,2.00,0.00,0.00
,7624c4ea-9a02-4a47-8a55-4309f40ff870,2342,50,Jean,missed most shots,1.00,0.00,0.00,1.00,0.00,0.00,1.00,0.00,0.00,0.00,0.00,0.00,2.00,2.00,0.00,0.00
,6fe7ca25-5b3c-47ff-a302-aba234fa66f3,2523,4,Chase,Can't pick from the source. Can only score Speaker. ,0.00,1.00,0.00,3.00,0.00,0.00,0.00,0.00,0.00,0.00,0.00,0.00,5.00,6.00,0.00,0.00
,299b3883-32b2-4dbe-972b-8f869b63be41,2523,7,Zander,Struggled with scoring and then got a piece stuck in the robot. ,0.00,0.00,0.00,0.00,0.00,0.00,0.00,0.00,0.00,0.00,0.00,0.00,0.00,0.00,0.00,0.00
,84511628-d40e-4c7b-8778-ef2114f61a53,2523,15,Gage,top heavy and almost fell over a few times,1.00,1.00,0.00,3.00,0.00,0.00,0.00,0.00,1.00,0.00,0.00,0.00,7.00,6.00,3.00,0.00
,e92368f1-2d4a-4c00-94b6-828e8cd58bd1,2523,23,Jean,Slow,0.00,1.00,0.00,3.00,0.00,0.00,0.00,0.00,1.00,0.00,0.00,0.00,5.00,6.00,3.00,0.00
,ee2d69b6-28ce-4f55-bfe4-dbcffd1f13e1,2523,28,Anton,Auto = 0. Speed = 2. Efficiency = 3. Stability = 0. Can hang on chain. ,1.00,0.00,0.00,4.00,0.00,0.00,0.00,0.00,0.00,0.00,0.00,0.00,2.00,8.00,0.00,5.00
,56c50ad7-c67b-49c5-adcc-02d9653075b2,2523,33,Gabber,,1.00,0.00,0.00,4.00,0.00,1.00,0.00,1.00,0.00,0.00,0.00,0.00,2.00,13.00,1.00,0.00
,de535b5c-6f59-46d2-a040-54258bba2b25,2523,36,Anton,Efficiency = 3. Accuracy = 0. Can hang on chain. ,1.00,0.00,0.00,1.00,0.00,0.00,0.00,0.00,1.00,0.00,0.00,0.00,2.00,2.00,3.00,3.00
,4814b173-3200-4b7b-836c-f0af8c2615b4,2523,47,DAB,,1.00,1.00,0.00,4.00,0.00,0.00,0.00,0.00,0.00,0.00,0.00,0.00,7.00,8.00,0.00,0.00
,8a0ce012-5f7c-47d9-b969-0a07fda61a1c,2523,51,GABE,,0.00,1.00,0.00,4.00,0.00,0.00,0.00,0.00,0.00,0.00,0.00,0.00,5.00,8.00,0.00,0.00
,79c28e0c-9779-4591-aa3a-640280a22364,3451,2,Zander,No auto. made loud scary noises and stopped moving shortly before the end of the match,0.00,0.00,0.00,2.00,0.00,0.00,0.00,0.00,0.00,0.00,0.00,0.00,0.00,4.00,0.00,0.00
,d6c63e0a-5d8a-4edb-934d-cef33fe4a37a,3451,7,Chase,Disabled. Broke down. Never moved. Can go under the chain. ,0.00,0.00,0.00,1.00,0.00,0.00,0.00,1.00,0.00,0.00,0.00,0.00,0.00,2.00,1.00,0.00
,ee6e8fbd-ea76-43aa-a876-75eacb17155e,3451,15,logan,Did not do much of anything dead,0.00,0.00,0.00,1.00,0.00,0.00,1.00,0.00,0.00,0.00,0.00,0.00,0.00,2.00,0.00,0.00
,2dcf0320-dcd8-47d7-9947-90b6ece89238,3451,19,Nicholas,"No auto. inconsistent shooter speed, causing half of all shots to miss. Can go under the chain. ",0.00,0.00,0.00,4.00,0.00,0.00,0.00,0.00,0.00,0.00,0.00,0.00,0.00,8.00,0.00,0.00
,a9806ac3-c79e-4fd6-aaf6-fb4079ea40bd,3451,29,Gabber,"Good shooter, second pick if we can",0.00,0.00,0.00,6.00,0.00,0.00,0.00,1.00,0.00,0.00,0.00,0.00,0.00,12.00,1.00,0.00
,a5c62c98-572a-4cb8-849e-bc1d86686651,3451,32,ash,Broke down. ,0.00,0.00,0.00,0.00,0.00,0.00,0.00,0.00,0.00,0.00,0.00,0.00,0.00,0.00,0.00,0.00
,8c99ba0f-bb99-4623-9976-d8e407320943,3451,37,rachek,Struggling to do anything in the beginning. got better at the end,0.00,0.00,0.00,4.00,0.00,0.00,0.00,1.00,0.00,0.00,0.00,0.00,0.00,8.00,1.00,0.00
,581be710-91fe-457c-b53a-da1aab47fbbd,3451,44,DAB,,0.00,0.00,0.00,4.00,0.00,0.00,0.00,0.00,1.00,0.00,0.00,0.00,0.00,8.00,3.00,0.00
,a5c13bfc-9dea-4adc-bc17-6f9858143c37,3451,47,Anton,Efficiency = 3. ,0.00,0.00,0.00,2.00,1.00,0.00,0.00,1.00,0.00,0.00,0.00,0.00,0.00,5.00,1.00,3.00
,e1dd7362-9246-4795-bc64-3518b76b8cd2,3597,3,Nicholas,"No auto. Turret. Tank drive. Can go under the chain. Slow cycles, but consistent shots. ",0.00,0.00,0.00,5.00,0.00,0.00,0.00,1.00,0.00,0.00,0.00,0.00,0.00,10.00,1.00,0.00
,ac868c37-31c1-41d0-909b-51fffc1f9fec,3597,10,Nicholas,Turret. Tank drive. did not climb.Can go under the chain. ,0.00,0.00,0.00,6.00,0.00,0.00,0.00,0.00,0.00,0.00,0.00,0.00,0.00,12.00,0.00,0.00
,1a09ab95-e2e5-482f-84fe-f9745c34bc5a,3597,17,Jean,they did well shooting despite a defensive bot shoving them at the speaker throughout the match.,1.00,0.00,0.00,4.00,0.00,0.00,0.00,1.00,0.00,0.00,0.00,0.00,2.00,8.00,1.00,0.00
,55de8471-e312-429c-930d-7594db7a551a,3597,21,Zander,They have a turret,0.00,0.00,0.00,6.00,0.00,0.00,0.00,1.00,0.00,0.00,0.00,0.00,0.00,12.00,1.00,0.00
,06c0d36f-e710-4431-9a04-bc8b7fa96482,3597,29,Zander,That turret is really cool. ,1.00,1.00,0.00,5.00,0.00,0.00,0.00,0.00,0.00,0.00,0.00,0.00,7.00,10.00,0.00,0.00
,e50a0aa4-2435-4d47-acdc-0012018c836f,3597,34,logan,,1.00,0.00,0.00,2.00,0.00,0.00,1.00,1.00,0.00,0.00,0.00,0.00,2.00,4.00,1.00,0.00
,998d3dfe-790d-4db7-9023-a6751d766cf4,3597,40,Nicholas,Turret. can climb. Can go under the chain. Seemed a bit slower this time.,0.00,1.00,0.00,5.00,0.00,0.00,0.00,1.00,0.00,0.00,0.00,0.00,5.00,10.00,1.00,0.00
,de5614f6-c6a2-4b0e-b732-af6bb1d26448,3597,43,Zander,I think they have a double intake with their turret,1.00,1.00,0.00,4.00,1.00,0.00,0.00,0.00,0.00,0.00,0.00,0.00,7.00,9.00,0.00,0.00
,2f7474be-54e9-44cf-9d52-06fc9a3d8534,3597,51,DAB,,0.00,1.00,0.00,5.00,0.00,0.00,0.00,1.00,0.00,0.00,0.00,0.00,5.00,10.00,1.00,0.00
,c61b048b-f665-4324-9819-5071ea1b0559,4546,1,rachek,not bad. just a little slow,1.00,3.00,0.00,7.00,2.00,0.00,1.00,1.00,0.00,0.00,0.00,0.00,17.00,16.00,1.00,0.00
,203d1be5-531a-43a8-a636-f020cb82dbaf,4546,11,Nicholas,Tank. can climb. Can go under the chain. Quick at their cycles.,0.00,3.00,0.00,7.00,0.00,0.00,0.00,0.00,1.00,0.00,0.00,0.00,15.00,14.00,3.00,0.00
,e9d017e8-cb32-4618-9a72-1c6a2f8d84af,4546,16,DAB,,1.00,0.00,0.00,2.00,1.00,0.00,0.00,0.00,0.00,0.00,0.00,0.00,2.00,5.00,0.00,0.00
,14258027-41e4-42b6-bf39-93e8da17092b,4546,19,Jean,has a 4 note auto. only got 2 because Alliance bot bot in the way. Good robot.,1.00,2.00,0.00,3.00,3.00,0.00,1.00,0.00,0.00,0.00,0.00,0.00,12.00,9.00,0.00,0.00
,96f23cdd-6378-46d3-b635-fbd889176de1,4546,27,Zander,,0.00,1.00,0.00,3.00,1.00,0.00,0.00,1.00,0.00,0.00,0.00,0.00,5.00,7.00,1.00,0.00
,c782293a-ba7b-42e6-a401-0494845a8c0c,4546,30,Anton,,1.00,0.00,0.00,1.00,3.00,0.00,0.00,1.00,0.00,0.00,0.00,0.00,2.00,5.00,1.00,0.00
,a6dc08db-458a-49ff-8149-abe136ba48bc,4546,36,rachek,good robot. steady cycles,1.00,3.00,0.00,7.00,0.00,0.00,1.00,1.00,0.00,0.00,0.00,0.00,17.00,14.00,1.00,0.00
,5b045ccb-e205-4db6-a401-ef27afbce34c,4546,43,terri,,0.00,1.00,0.00,5.00,1.00,0.00,0.00,1.00,0.00,0.00,0.00,0.00,5.00,11.00,1.00,0.00
,fd2c48a3-f757-4de6-8cd2-b348569e09d0,4546,51,Nicholas,Swerve. moves fast. Can go under the chain. ,1.00,3.00,0.00,5.00,3.00,0.00,0.00,1.00,0.00,0.00,0.00,0.00,17.00,13.00,1.00,0.00
,9fab7cef-fb52-4c3d-8afb-98c44446913b,4564,6,Joyce,Can go under the chain. ,0.00,1.00,0.00,6.00,0.00,0.00,0.00,1.00,0.00,0.00,0.00,0.00,5.00,12.00,1.00,0.00
,2b9eb770-7759-405e-a3c1-841fa4524cb4,4564,11,terri,,0.00,1.00,0.00,4.00,0.00,0.00,0.00,0.00,1.00,0.00,0.00,0.00,5.00,8.00,3.00,0.00
,eaf980ce-46fd-480d-a7c1-dcc4697667dd,4564,18,Jean,Did decent with shooting despite defense bot shoves.,1.00,2.00,0.00,4.00,0.00,0.00,0.00,0.00,1.00,0.00,0.00,0.00,12.00,8.00,3.00,0.00
,e63401ef-21e8-495d-861a-ebbdb04b06f6,4564,21,Gabber,best bot with tank ever,1.00,3.00,0.00,8.00,0.00,0.00,1.00,0.00,1.00,0.00,0.00,0.00,17.00,16.00,3.00,0.00
,84d40d5b-05ce-4654-95ee-12ffb89840f7,4564,29,Nicholas,,1.00,1.00,0.00,6.00,0.00,0.00,0.00,0.00,1.00,0.00,0.00,0.00,7.00,12.00,3.00,0.00
,9b015180-c9c6-46ed-acee-c03b31810429,4564,35,ash,Auto = 3. Speed = 4. Accuracy = 2. Can hang on chain. ,1.00,0.00,0.00,5.00,1.00,0.00,0.00,0.00,1.00,0.00,0.00,0.00,2.00,11.00,3.00,9.00
,59e51328-adcf-4581-b8ea-73582086bfe8,4564,41,terri,,1.00,1.00,0.00,4.00,1.00,0.00,0.00,1.00,0.00,0.00,0.00,0.00,7.00,9.00,1.00,0.00
,7920aa9b-4053-4ecc-bf20-3569444f8051,4564,45,rachek,Very good,1.00,4.00,0.00,7.00,0.00,0.00,0.00,0.00,1.00,0.00,0.00,0.00,22.00,14.00,3.00,0.00
,f936c983-8318-4d30-87e1-7f2a4ee0e984,4564,48,Zander,Oh they like to shoot the notes REALLY high. ,0.00,1.00,0.00,5.00,0.00,0.00,0.00,0.00,1.00,1.00,0.00,0.00,5.00,10.00,5.00,0.00
,53b8ebfc-fb40-4ff3-87be-8060a244cd15,4761,6,Nicholas,Can go under the chain. Had slow start. swerve. Complex design. can do both amp and speaker,1.00,0.00,0.00,6.00,0.00,0.00,0.00,0.00,0.00,0.00,0.00,0.00,2.00,12.00,0.00,0.00
,b01d3091-e597-40fe-9751-06e182647b11,4761,10,rackel,Good speaker shot,1.00,1.00,0.00,6.00,0.00,0.00,0.00,1.00,0.00,0.00,0.00,0.00,7.00,12.00,1.00,0.00
,7c278e36-7467-4081-83f1-726f750041ee,4761,15,Jean,they raised their arm too early and hit the stage and lost connection for a while.,0.00,1.00,0.00,3.00,0.00,0.00,0.00,0.00,0.00,0.00,0.00,0.00,5.00,6.00,0.00,0.00
,aef1db42-b0c7-4d4e-a913-cf693df0747b,4761,22,Anton,Auto = 2. Efficiency = 4. Accuracy = 4. Can hang on chain. ,1.00,0.00,0.00,4.00,0.00,0.00,0.00,1.00,0.00,0.00,0.00,0.00,2.00,8.00,1.00,10.00
,8181bb65-8d6b-4e76-b009-2f42d14b6f4d,4761,27,Gabber,Started by delivering notes across the field then died,0.00,0.00,0.00,0.00,0.00,0.00,0.00,1.00,0.00,0.00,0.00,0.00,0.00,0.00,1.00,0.00
,f3a7971f-df26-4562-bcaf-95bd6a6cbbf7,4761,31,CHASE,,0.00,1.00,0.00,0.00,0.00,0.00,0.00,0.00,0.00,0.00,0.00,0.00,5.00,0.00,0.00,0.00
,2777deeb-272a-4d47-ad38-d8328082d046,4761,39,terri,Not allowed on field,0.00,0.00,0.00,0.00,0.00,0.00,0.00,0.00,0.00,0.00,0.00,0.00,0.00,0.00,0.00,0.00
,90476ce3-d53c-4c6d-a29b-c1353aefb76e,4761,46,Anton,Auto = 1. Speed = 3. Accuracy = 5. ,0.00,0.00,0.00,6.00,0.00,0.00,0.00,1.00,0.00,0.00,0.00,0.00,0.00,12.00,1.00,9.00
,138e2588-09d6-47cc-90c6-a2a939ba235e,4761,52,GABE,,1.00,1.00,0.00,5.00,0.00,0.00,0.00,0.00,0.00,0.00,0.00,0.00,7.00,10.00,0.00,0.00
,dd99ac5c-3df6-41fd-ba38-3875e071942d,5422,4,Joyce,"Crossed over center line during auto 
 Can hang on chain. ",0.00,1.00,0.00,2.00,2.00,0.00,0.00,0.00,1.00,0.00,0.00,0.00,5.00,6.00,3.00,0.00
,c86c12e9-b4c3-4ce2-8084-b86907bd077b,5422,9,Zander,A note broke in their intake and got stuck. Then they got attacked when they were on the chain!,0.00,2.00,0.00,2.00,0.00,0.00,0.00,0.00,1.00,0.00,0.00,0.00,10.00,4.00,3.00,0.00
,c20703e3-1e12-48d7-8ec5-3ccf1075a9ab,5422,17,Zander,,0.00,3.00,0.00,4.00,2.00,0.00,0.00,0.00,0.00,0.00,0.00,0.00,15.00,10.00,0.00,0.00
,2c61f277-f8e6-4a66-b6a2-09b7c1971be2,5422,22,Nicholas,,1.00,2.00,0.00,8.00,1.00,0.00,0.00,0.00,0.00,0.00,0.00,0.00,12.00,17.00,0.00,0.00
,15c6ab1f-f337-41b2-a5c8-9bb70083de9d,5422,25,Chase,,1.00,3.00,0.00,7.00,0.00,0.00,0.00,0.00,1.00,0.00,0.00,0.00,17.00,14.00,3.00,0.00
,b0795626-df2d-4c51-a72a-41572fd5082f,5422,32,CHASE,,1.00,2.00,0.00,10.00,1.00,0.00,0.00,0.00,1.00,0.00,0.00,0.00,12.00,21.00,3.00,0.00
,9c8f9905-5497-4c6c-8500-404e13923398,5422,40,Zander,That was pretty decent,0.00,1.00,0.00,4.00,0.00,0.00,0.00,1.00,0.00,0.00,0.00,0.00,5.00,8.00,1.00,0.00
,7b2022e2-4ddf-47ec-b9cc-53f1443a2c18,5422,44,Nicholas,,1.00,2.00,0.00,4.00,1.00,0.00,0.00,0.00,0.00,0.00,0.00,0.00,12.00,9.00,0.00,0.00
,216eddf0-dfbe-44bc-b692-2fca24593bac,5422,48,logan,,1.00,1.00,0.00,1.00,4.00,0.00,1.00,0.00,1.00,0.00,0.00,0.00,7.00,6.00,3.00,0.00
,0a1bfdb1-86f4-4ba1-9afb-bb5acc57c9d8,5459,3,Chase,Was not there.,0.00,0.00,0.00,0.00,0.00,0.00,0.00,0.00,0.00,0.00,0.00,0.00,0.00,0.00,0.00,0.00
,990ec6cd-69ce-42f0-92ab-190e4cb1be1e,5459,9,rackel,No robot :(,0.00,0.00,0.00,0.00,0.00,0.00,0.00,0.00,0.00,0.00,0.00,0.00,0.00,0.00,0.00,0.00
,527eb4ae-d124-4e6d-ac5a-7c70ff2f4cce,5459,16,Jean,lost connection and sat next to speaker the entire match.,0.00,1.00,0.00,0.00,0.00,0.00,0.00,0.00,0.00,0.00,0.00,0.00,5.00,0.00,0.00,0.00
,be62c2bb-934c-48a0-bf3c-b5754c7d34d4,5459,20,logan,,1.00,1.00,0.00,5.00,0.00,0.00,0.00,0.00,1.00,0.00,0.00,0.00,7.00,10.00,3.00,0.00
,10f8b53a-956d-4e78-ab3c-77b0d362b193,5459,24,Anton,Auto = 4. Speed = 4. Stability = 5. Can hang on chain. ,1.00,2.00,0.00,3.00,1.00,0.00,0.00,0.00,0.00,0.00,0.00,0.00,12.00,7.00,0.00,13.00
,685b442f-75ac-4e66-9ea5-13cbf07ec8c0,5459,33,Chase,Broke down. ,0.00,0.00,0.00,0.00,3.00,0.00,1.00,0.00,0.00,0.00,0.00,0.00,0.00,3.00,0.00,0.00
,5a9a8366-77ec-4255-8a0e-3855e35a4250,5459,37,Chase,,0.00,0.00,0.00,0.00,5.00,1.00,0.00,1.00,0.00,0.00,0.00,0.00,0.00,10.00,1.00,0.00
,71d2d839-6075-4616-ba2f-9d63dfdf1caa,5459,42,Anton,Speed = 4. Stability = 5. Accuracy = 4. ,1.00,1.00,0.00,3.00,1.00,0.00,0.00,1.00,0.00,0.00,0.00,0.00,7.00,7.00,1.00,13.00
,37b25edc-8e52-4555-bc8f-1f9f17083958,5459,48,Jean,,1.00,1.00,0.00,2.00,2.00,0.00,1.00,1.00,0.00,0.00,0.00,0.00,7.00,6.00,1.00,0.00
,38fc668c-cefe-444a-8ae9-257394b3cb2d,5494,4,Nicholas,Tank. can do speaker and amp. quick cycles. can't go under stage. didn't climb.,1.00,2.00,0.00,7.00,1.00,0.00,1.00,1.00,0.00,0.00,0.00,0.00,12.00,15.00,1.00,0.00
,dcf82475-a96a-461b-9d8f-211a49adeca7,5494,8,Anton,Auto = 0. Speed = 3. Efficiency = 3. Defense = 3. ,1.00,0.00,0.00,0.00,3.00,0.00,0.00,0.00,0.00,0.00,0.00,0.00,2.00,3.00,0.00,9.00
,7378c662-877c-4f18-ba40-fc2beca07559,5494,14,DAB,Had three notes in bot after auto.  scary bot hang.,0.00,1.00,0.00,5.00,2.00,0.00,0.00,0.00,1.00,0.00,0.00,0.00,5.00,12.00,3.00,0.00
,8b4830e1-50fc-42b8-80af-cb1380489f46,5494,20,Gabber,Quick climb,1.00,1.00,0.00,7.00,0.00,0.00,0.00,0.00,1.00,0.00,0.00,0.00,7.00,14.00,3.00,0.00
,8ee89ddb-c030-4d38-a677-128f59836018,5494,25,Gabber,Like 2 second climb,1.00,2.00,0.00,2.00,4.00,0.00,0.00,0.00,1.00,0.00,1.00,0.00,12.00,8.00,4.00,0.00
,5acf48bb-73ed-40ba-a62d-6ebd6be56f77,5494,31,Zander,"Would've been hanging, but their intake was touching the ground",0.00,1.00,0.00,6.00,1.00,0.00,0.00,1.00,0.00,0.00,0.00,0.00,5.00,13.00,1.00,0.00
,b1353b71-18f3-42f7-8f06-7c43448d4e0b,5494,38,terri,"Scary hang, upside down, added note: outlier match(fed by 6161)",0.00,3.00,0.00,10.00,0.00,0.00,0.00,0.00,0.00,0.00,0.00,0.00,15.00,20.00,0.00,0.00
,95c2f316-732b-4282-bfbd-2c5df062810d,5494,43,Nicholas,violent climb. Can go under the chain. swerve. ,0.00,0.00,0.00,7.00,0.00,0.00,0.00,0.00,0.00,0.00,0.00,0.00,0.00,14.00,0.00,0.00
,eb5a6b65-31ae-4632-beeb-47da17f7036c,5494,49,Jean,,1.00,2.00,0.00,8.00,0.00,0.00,1.00,0.00,1.00,0.00,0.00,0.00,12.00,16.00,3.00,0.00
,c972d454-e882-41ba-ba08-d2a97ad013af,5813,4,rackel,"Shooting across, to get pieces closer, trap",1.00,4.00,0.00,3.00,1.00,0.00,0.00,0.00,1.00,0.00,0.00,1.00,22.00,7.00,8.00,0.00
,eaea7677-9983-4ee4-bdeb-6ca5c488d4df,5813,10,Joyce,Can go under the chain. ,1.00,4.00,0.00,4.00,2.00,0.00,0.00,0.00,0.00,0.00,0.00,0.00,22.00,10.00,0.00,0.00
,113a080c-e787-4491-ac6e-b44cf5cb5142,5813,13,terri,"Missed several shots into speaker, had two notes briefly.",1.00,0.00,0.00,2.00,0.00,0.00,0.00,1.00,0.00,0.00,0.00,0.00,2.00,4.00,1.00,0.00
,07970fe9-b71f-4a98-812b-d6f188e4c030,5813,23,Gabber,My vote for first pick,1.00,3.00,0.00,5.00,3.00,0.00,0.00,0.00,1.00,0.00,0.00,0.00,17.00,13.00,3.00,0.00
,397c411b-73b5-4d9f-8990-aa0e9661b83b,5813,27,DAB,Trouble picking up notes.,1.00,4.00,0.00,2.00,2.00,0.00,0.00,0.00,1.00,0.00,0.00,0.00,22.00,6.00,3.00,0.00
,8a57013d-038f-4a1b-96b6-9a054befbb87,5813,30,Gabber,My first pick vote,1.00,5.00,0.00,7.00,0.00,0.00,0.00,0.00,1.00,0.00,0.00,1.00,27.00,14.00,8.00,0.00
,8cc552fe-f322-4200-b503-820c97cb8fd3,5813,37,logan,,1.00,3.00,0.00,8.00,1.00,0.00,1.00,0.00,1.00,0.00,0.00,1.00,17.00,17.00,8.00,0.00
,68dfc8a8-a5a0-4a7f-90b7-6ceed5c395bd,5813,44,Anton,Auto = 3. Speed = 4. Stability = 3. Can hang on chain. Can hang second on chain. Can go under the chain. ,1.00,1.00,0.00,0.00,3.00,0.00,0.00,0.00,1.00,0.00,0.00,0.00,7.00,3.00,3.00,10.00
,b6747bc0-3e64-4a3f-b7fb-f28bcf66a551,5813,48,DAB,,1.00,1.00,0.00,6.00,0.00,0.00,0.00,0.00,1.00,0.00,0.00,1.00,7.00,12.00,8.00,0.00
,a1a0ec64-53a3-4b72-8895-658f4e0f9756,5902,5,rackel,Cluncky. bad at speaker,0.00,0.00,0.00,0.00,3.00,0.00,1.00,0.00,1.00,0.00,0.00,0.00,0.00,3.00,3.00,0.00
,2443a68a-f711-4118-83f6-999dbb19d035,5902,12,Joyce,,0.00,1.00,0.00,0.00,2.00,0.00,0.00,1.00,0.00,0.00,0.00,0.00,5.00,2.00,1.00,0.00
,d0a2e914-4fd9-442e-94a5-7efc12b993dd,5902,16,Gage,,0.00,1.00,0.00,1.00,1.00,1.00,0.00,1.00,0.00,0.00,0.00,0.00,5.00,8.00,1.00,0.00
,113eb482-6e0e-4cf9-882e-a16eddca22f0,5902,21,Chase,Accuracy = 4. Efficiency = 3. Speed = 3. Human player = 3. ,0.00,1.00,0.00,1.00,1.00,0.00,0.00,0.00,1.00,0.00,0.00,0.00,5.00,3.00,3.00,15.00
,fd3e53de-91c8-4278-af84-f5dc343ab9a6,5902,28,Chase,,1.00,0.00,0.00,0.00,3.00,0.00,0.00,0.00,1.00,0.00,0.00,0.00,2.00,3.00,3.00,0.00
,001314de-352b-4eed-a1d7-b2e0a26f4010,5902,31,Gabber,Can barely do amp and that's it,0.00,0.00,0.00,0.00,3.00,0.00,0.00,1.00,0.00,0.00,0.00,0.00,0.00,3.00,1.00,0.00
,4ba56c9c-37bc-4e6c-be7b-15d061f9516d,5902,37,Anton,Cant go under the chain. Speed = 3. ,1.00,0.00,0.00,1.00,1.00,0.00,0.00,0.00,1.00,0.00,0.00,0.00,2.00,3.00,3.00,3.00
,7732dc9a-b17d-4b8c-9565-1a97559164f8,5902,45,Zander,No floor pickup,0.00,1.00,0.00,3.00,0.00,0.00,0.00,0.00,1.00,1.00,0.00,0.00,5.00,6.00,5.00,0.00
,d3a710ed-fc00-4e1e-8166-4ad538ab48fe,5902,49,Zander,No floor pickup. they also have funny eyes on their robot. ,0.00,0.00,0.00,0.00,2.00,0.00,0.00,0.00,1.00,0.00,0.00,0.00,0.00,2.00,3.00,0.00
,fbe2895e-e8bb-417a-bb75-571b325fb208,6161,4,Anton,Auto = 0. Accuracy = 0. Can hang on chain. ,0.00,0.00,0.00,0.00,0.00,0.00,0.00,0.00,1.00,0.00,0.00,0.00,0.00,0.00,3.00,0.00
,8e325e79-abc1-4dd3-aa62-ec1f10ec0547,6161,9,Anton,Auto = 0. Speed = 2. Efficiency = 0. Stability = 3. Accuracy = 0. Can hang on chain. Can't pick from the floor. ,0.00,0.00,0.00,0.00,0.00,0.00,0.00,0.00,0.00,0.00,0.00,0.00,0.00,0.00,0.00,5.00
,24df1586-cb80-4a57-99e6-a25b6c5f8262,6161,12,Zander,Kept moving slower and slower the longer the match went on. almost like they had a dead battery?,0.00,0.00,0.00,0.00,0.00,0.00,0.00,0.00,0.00,0.00,0.00,0.00,0.00,0.00,0.00,0.00
,01a57ada-7015-4a2f-b8c1-321aaab8ff2d,6161,19,Gabber,Weak shot ,1.00,0.00,0.00,1.00,0.00,0.00,0.00,0.00,1.00,0.00,0.00,0.00,2.00,2.00,3.00,0.00
,23923d8a-3001-42ec-b37b-5cf68783471e,6161,29,Chase,,0.00,0.00,0.00,2.00,0.00,0.00,0.00,0.00,1.00,0.00,0.00,0.00,0.00,4.00,3.00,0.00
,f2525a02-29cf-4208-90dc-1cde5786d14a,6161,32,Jean,the shots aren't strong enough to reliably score in the speaker.,1.00,0.00,0.00,1.00,0.00,0.00,0.00,0.00,0.00,0.00,0.00,0.00,2.00,2.00,0.00,0.00
,2b3c058b-8e2d-4f66-8716-c5ba9659a1e5,6161,38,Anton,Auto = 1. Speed = 1. Efficiency = 1. Stability = 3. Accuracy = 0. Defense = 2. Can hang on chain. Can't pick from the floor. ,1.00,0.00,0.00,0.00,0.00,0.00,0.00,0.00,1.00,0.00,0.00,0.00,2.00,0.00,3.00,8.00
,f0d93f41-4289-4588-8436-3adceedda4d6,6161,46,rachek,,1.00,0.00,0.00,2.00,0.00,0.00,0.00,0.00,0.00,0.00,0.00,0.00,2.00,4.00,0.00,0.00
,a19ae266-7df2-4678-8c14-78b1396c2597,6161,52,DAB,,1.00,0.00,0.00,0.00,0.00,0.00,0.00,1.00,0.00,0.00,0.00,0.00,2.00,0.00,1.00,0.00
,60afc24f-4937-4589-9b3b-21cf91c909dc,6324,2,rackel,Dead. died,1.00,0.00,0.00,4.00,0.00,0.00,1.00,0.00,0.00,0.00,0.00,0.00,2.00,8.00,0.00,0.00
,78267ee4-306a-4c0c-9484-9f64ee46915c,6324,8,Chase,Can go under the chain. Defense = 4. ,1.00,1.00,0.00,0.00,0.00,0.00,0.00,0.00,0.00,0.00,0.00,0.00,7.00,0.00,0.00,4.00
,fd318648-18bd-4ef8-80b0-f3e7a1338048,6324,12,terri,Did not see any amp attempts,1.00,0.00,0.00,11.00,0.00,0.00,0.00,1.00,0.00,0.00,0.00,0.00,2.00,22.00,1.00,0.00
,3c155cfd-c933-47e2-81a2-f12edd2fea11,6324,18,Joyce,,0.00,1.00,0.00,3.00,0.00,0.00,0.00,1.00,0.00,0.00,0.00,0.00,5.00,6.00,1.00,0.00
,33b10aa7-4636-4fa0-b1fd-05300bec0e14,6324,25,DAB,"Bot stopped shooting, played defense.",1.00,1.00,0.00,1.00,0.00,0.00,0.00,1.00,0.00,0.00,0.00,0.00,7.00,2.00,1.00,0.00
,bf08ea17-39c7-4cef-a041-0df6c769d0ce,6324,31,logan,,1.00,1.00,0.00,7.00,0.00,0.00,1.00,0.00,0.00,0.00,0.00,0.00,7.00,14.00,0.00,0.00
,bbb66f4a-e7b7-41bb-b1d8-d05e74d96bf5,6324,41,Anton,Speed = 3. Efficiency = 4. Accuracy = 4. ,1.00,0.00,0.00,4.00,1.00,0.00,0.00,0.00,0.00,0.00,0.00,0.00,2.00,9.00,0.00,11.00
,a378a7b6-f3f8-4844-9500-81dd3df08c8b,6324,47,Joyce,Crossed middle line during auto. Can go under the chain. Auto = Decent ,0.00,1.00,0.00,5.00,0.00,0.00,0.00,1.00,0.00,0.00,0.00,0.00,5.00,10.00,1.00,0.00
,3d7c600c-e843-4b80-8970-7164cc192586,6324,50,Nicholas,"They did well. slow cycles, but consistent shots.",1.00,2.00,0.00,5.00,0.00,0.00,0.00,1.00,0.00,0.00,0.00,0.00,12.00,10.00,1.00,0.00
,36db24a4-d6ae-48a8-b841-1e6fa88cfa79,6690,3,Zander,Tried to climb but didn't get off the ground enough,1.00,1.00,0.00,6.00,0.00,0.00,0.00,1.00,0.00,0.00,0.00,0.00,7.00,12.00,1.00,0.00
,61a2165f-9b3e-44d5-8081-e8ee45392263,6690,10,DAB,,1.00,0.00,0.00,2.00,0.00,0.00,0.00,1.00,0.00,0.00,0.00,0.00,2.00,4.00,1.00,0.00
,2e8e34ad-6343-492d-b915-a46fde2ef83e,6690,14,Jean,"it has a very difficult time picking up notes. It froze at its own source, blocking it.",1.00,1.00,0.00,1.00,0.00,0.00,0.00,0.00,0.00,0.00,0.00,0.00,7.00,2.00,0.00,0.00
,4b5e8009-659c-4a0b-bd06-21ec388507b4,6690,18,Gage,Died,1.00,1.00,0.00,0.00,0.00,0.00,0.00,0.00,0.00,0.00,0.00,0.00,7.00,0.00,0.00,0.00
,74cc3bcd-fdef-4920-a6fe-aee4093d250e,6690,26,Nicholas,Can go under the chain. Finicky intake. lost connection.,0.00,1.00,0.00,1.00,0.00,0.00,0.00,0.00,0.00,0.00,0.00,0.00,5.00,2.00,0.00,0.00
,906535d0-0f59-4e18-a436-e5661ad2f7ee,6690,34,ash,Was not there,0.00,0.00,0.00,0.00,0.00,0.00,0.00,0.00,0.00,0.00,0.00,0.00,0.00,0.00,0.00,0.00
,72ea7aeb-440f-4e38-b93d-75f008ad5805,6690,37,terri,"Defense = Played defense well all match
",0.00,0.00,0.00,0.00,0.00,0.00,0.00,1.00,0.00,0.00,0.00,0.00,0.00,0.00,1.00,0.00
,dadb05b3-5427-4efc-a76e-9c99ec78173f,6690,42,Nicholas,Defended well. ,0.00,1.00,0.00,0.00,0.00,0.00,0.00,0.00,1.00,0.00,1.00,0.00,5.00,0.00,4.00,0.00
,9adabd4c-2f5c-4343-9b48-32b9fa3267f7,6690,47,Zander,Frequently stopped moving for long periods of time. but didn't die,0.00,1.00,0.00,3.00,0.00,0.00,0.00,0.00,1.00,0.00,0.00,0.00,5.00,6.00,3.00,0.00
,ba2d2d91-9ac3-4168-a6a3-9ed29b6001ec,6691,1,Chase, Defense = 3. Accuracy = 0. Stability = 3. Efficiency = 1. Auto = 1. ,1.00,0.00,0.00,0.00,0.00,0.00,0.00,0.00,0.00,0.00,0.00,0.00,2.00,0.00,0.00,13.00
,0f8c0dde-cb13-4390-9342-06ce01ff15e8,6691,10,Zander,Sat in the corner the whole match. ,0.00,0.00,0.00,0.00,0.00,0.00,0.00,0.00,0.00,0.00,0.00,0.00,0.00,0.00,0.00,0.00
,3190b5b0-5015-48bf-91da-0103d00cff9c,6691,14,logan,Defense not great,0.00,0.00,0.00,0.00,0.00,0.00,0.00,1.00,0.00,0.00,0.00,0.00,0.00,0.00,1.00,0.00
,2d1ca051-1038-49a7-b17f-27ca24b66ce6,6691,23,Zander,Played defense. but very poorly. they tried defending the opposite amp. but then they thought better of it. Then just weak defense,0.00,0.00,0.00,1.00,0.00,0.00,0.00,1.00,0.00,0.00,0.00,0.00,0.00,2.00,1.00,0.00
,4c505e0b-7149-4510-a2c6-80435f7482e5,6691,28,Gabber,Played defense,0.00,0.00,0.00,0.00,0.00,0.00,0.00,1.00,0.00,0.00,0.00,0.00,0.00,0.00,1.00,0.00
,1435c86d-b656-4caf-b7a3-48a09fa1478f,6691,32,Gabber,I think note got stuck and they played defense,0.00,0.00,0.00,0.00,0.00,0.00,0.00,1.00,0.00,0.00,0.00,0.00,0.00,0.00,1.00,0.00
,45189b7a-8193-4b70-b87f-b8944615143e,6691,41,Chase,Broke down. Note stuck.,0.00,0.00,0.00,0.00,0.00,0.00,0.00,1.00,0.00,0.00,0.00,0.00,0.00,0.00,1.00,0.00
,d716400e-c294-4237-b1d2-5cc4fa1267e0,6691,45,DAB,Didn't do much or move much,0.00,0.00,0.00,0.00,0.00,0.00,0.00,1.00,0.00,0.00,0.00,0.00,0.00,0.00,1.00,0.00
,f80c50f3-1366-43c1-81a6-c242e4c03d3c,6691,52,Nicholas,Defended okay. shooter did not work this round.,0.00,0.00,0.00,0.00,0.00,0.00,0.00,1.00,0.00,0.00,0.00,0.00,0.00,0.00,1.00,0.00
,cdb71392-9081-42ba-83ca-814ca5b769cc,6895,5,Joyce,Stability = Unstable and tipping ,0.00,0.00,0.00,0.00,1.00,0.00,0.00,0.00,1.00,0.00,0.00,0.00,0.00,1.00,3.00,0.00
,d7cb9631-61cc-40a3-8bdf-77b5ba142801,6895,9,Nicholas,Defence bot. tank drive. tall. can climb.,1.00,0.00,0.00,0.00,1.00,0.00,1.00,0.00,0.00,0.00,0.00,0.00,2.00,1.00,0.00,0.00
,67956301-d470-4586-8842-04062d1bff41,6895,17,Nicholas,Tank. can climb. defense is okay. tall.,1.00,0.00,0.00,1.00,0.00,0.00,0.00,0.00,1.00,0.00,0.00,0.00,2.00,2.00,3.00,0.00
,c4072253-ca43-4d8f-abe6-7c92d3333d74,6895,20,Jean,Good defense bot. got caught up in opponent's stage.,0.00,0.00,0.00,0.00,0.00,0.00,0.00,0.00,0.00,0.00,0.00,0.00,0.00,0.00,0.00,0.00
,1d374a39-36f6-4d2e-8df3-8f4050f5c2c5,6895,26,Zander,Blocked the opposing speaker pretty well. ,1.00,0.00,0.00,0.00,1.00,0.00,0.00,0.00,1.00,0.00,0.00,0.00,2.00,1.00,3.00,0.00
,998e5fc8-fe54-440b-b1d9-b888c8c60ce2,6895,33,Zander,They just park in front of the opposite speaker all match until endgame.  nothing new to report. ,1.00,0.00,0.00,0.00,0.00,0.00,0.00,0.00,1.00,0.00,0.00,0.00,2.00,0.00,3.00,0.00
,fd404b7f-337f-4f0d-97c0-ba34b5bef7ac,6895,36,Chase,Defense = 5. ,0.00,0.00,0.00,0.00,0.00,0.00,0.00,0.00,1.00,0.00,0.00,0.00,0.00,0.00,3.00,5.00
,80f60c82-b544-4980-bc8b-7f488da0e581,6895,47,rachek,The purple one. its not very efficient,1.00,0.00,0.00,0.00,0.00,0.00,0.00,0.00,0.00,0.00,0.00,0.00,2.00,0.00,0.00,0.00
,23295a7d-94ae-4eea-bed9-df61e294b90b,6895,52,Chase,Human player = 4. Defense = 4. ,0.00,0.00,0.00,0.00,0.00,0.00,0.00,0.00,1.00,0.00,0.00,0.00,0.00,0.00,3.00,8.00
,c007dd69-1692-47b7-adb7-4fb80637e607,7674,1,Zander,Weak grip on pieces. slow pickup. ,0.00,0.00,0.00,0.00,1.00,0.00,0.00,0.00,1.00,0.00,0.00,0.00,0.00,1.00,3.00,0.00
,51dc0b0c-ba35-4515-bd1d-e190f2516e9f,7674,7,Anton,Never showed up,0.00,0.00,0.00,0.00,0.00,0.00,0.00,0.00,0.00,0.00,0.00,0.00,0.00,0.00,0.00,0.00
,8b00bb20-81c1-4723-921b-f49964ef64d3,7674,13,Nicholas,Swerve. couldn't pick up pieces. didn't defend. Too big. ,0.00,1.00,0.00,0.00,0.00,0.00,0.00,0.00,1.00,0.00,0.00,0.00,5.00,0.00,3.00,0.00
,d3c1c32f-497c-4366-bb33-9f0fa748964c,7674,23,Chase,Can score trap; fell.,0.00,0.00,0.00,2.00,0.00,0.00,0.00,1.00,0.00,0.00,0.00,0.00,0.00,4.00,1.00,0.00
,656a19f0-fe06-4126-961b-471d639d3b3b,7674,29,DAB,,1.00,1.00,0.00,1.00,2.00,0.00,0.00,0.00,1.00,0.00,0.00,0.00,7.00,4.00,3.00,0.00
,474a30ea-3d40-4697-aa33-736a32a42522,7674,35,Chase,,1.00,1.00,0.00,0.00,3.00,0.00,1.00,0.00,0.00,0.00,0.00,0.00,7.00,3.00,0.00,0.00
,b4f1bbc7-b3e7-4b1f-9321-be146acf9ffd,7674,39,Zander,They score really slowly,0.00,1.00,0.00,0.00,3.00,0.00,0.00,1.00,0.00,0.00,0.00,0.00,5.00,3.00,1.00,0.00
,283e830f-e537-4956-b451-f979d80713f6,7674,45,Nicholas,Intake struggled and was slow.  ,1.00,1.00,0.00,0.00,4.00,0.00,0.00,0.00,0.00,0.00,0.00,0.00,7.00,4.00,0.00,0.00
,8f40952f-05a4-4675-ac4e-ca6de7dfd103,7674,49,Nicholas,"Incredibly finicky indexer. got a piece stuck, defended decently as a pest.",0.00,0.00,0.00,0.00,1.00,0.00,0.00,1.00,0.00,0.00,0.00,0.00,0.00,1.00,1.00,0.00
,c88cbd55-4285-4487-a55a-bc23025d327e,8046,1,Nicholas,Can go under the chain. Can score in both amp and speaker. didn't climb. inaccurate. potential for a 2.5 piece auto.,1.00,1.00,0.00,5.00,1.00,0.00,0.00,0.00,0.00,0.00,0.00,0.00,7.00,11.00,0.00,0.00
,b8ffe22a-b4d5-4cbb-b1a4-45b4d22b8296,8046,11,Joyce,Can hang on chain. ,0.00,2.00,0.00,1.00,4.00,0.00,0.00,0.00,1.00,0.00,0.00,0.00,10.00,6.00,3.00,0.00
,886d9c38-45ab-47af-969d-72de46fd50d4,8046,15,Zander,Picked up 3 notes at once in auto. got in trouble for that. ,1.00,0.00,0.00,1.00,2.00,0.00,0.00,0.00,1.00,0.00,0.00,0.00,2.00,4.00,3.00,0.00
,bbbfd8a9-2212-44ea-8742-092a0d7cd69d,8046,20,Zander,Another robot got stuck in the opposite stage. 8046 rescued them      ,0.00,1.00,0.00,5.00,0.00,0.00,0.00,0.00,1.00,0.00,0.00,0.00,5.00,10.00,3.00,0.00
,10612bc3-9a06-4ac7-b3d5-9c88165b2e40,8046,25,Nicholas,Poor shots. Swerve. indexed pieces slip out of bot. ,1.00,1.00,0.00,0.00,0.00,0.00,0.00,1.00,0.00,0.00,0.00,0.00,7.00,0.00,1.00,0.00
,36b8a909-f4b8-4fd8-894b-67fb8b9d721a,8046,34,Gabber,,0.00,0.00,0.00,4.00,0.00,0.00,0.00,0.00,1.00,0.00,0.00,0.00,0.00,8.00,3.00,0.00
,8f962037-bee0-4bb8-b84a-573d36739b6b,8046,37,Zander,They did a lot of scoring.        ,0.00,2.00,0.00,7.00,0.00,0.00,0.00,0.00,1.00,0.00,0.00,0.00,10.00,14.00,3.00,0.00
,2c9fd826-9b8c-4671-ac4b-63e861e0c9cc,8046,42,Zander,They have amazing defense evasion techniques,0.00,2.00,0.00,6.00,0.00,0.00,0.00,1.00,0.00,0.00,0.00,0.00,10.00,12.00,1.00,0.00
,2f944f24-8e6f-45ae-a404-4b7f3a58d510,8410,6,Chase,Accuracy = 3. Stability = 4. Efficiency = 3. Speed = 3. Defense = 3. Human player = 3. ,1.00,2.00,0.00,3.00,3.00,0.00,0.00,0.00,1.00,0.00,0.00,0.00,12.00,9.00,3.00,19.00
,d9cfc9a1-a36b-4869-b99a-8323905bd3ee,8410,12,rackel,Went through the stage in endgame,1.00,2.00,0.00,3.00,1.00,0.00,1.00,0.00,1.00,0.00,0.00,0.00,12.00,7.00,3.00,0.00
,c8116986-791a-47ac-a9c8-dc9a1c9f4d27,8410,17,logan,,1.00,3.00,0.00,2.00,1.00,0.00,1.00,1.00,0.00,0.00,0.00,0.00,17.00,5.00,1.00,0.00
,f0486001-90fd-4ade-8f82-f33448f26748,8410,23,Anton,Auto = 1. Can hang on chain. ,0.00,0.00,0.00,3.00,0.00,0.00,0.00,0.00,1.00,0.00,0.00,0.00,0.00,6.00,3.00,1.00
,c8a8f97a-ca6f-4202-aedf-0708999b27e4,8410,26,Anton,Auto = 4. Efficiency = 4. Accuracy = 4. Defense = 0. Can hang on chain. ,1.00,2.00,0.00,2.00,0.00,0.00,0.00,0.00,1.00,0.00,0.00,0.00,12.00,4.00,3.00,12.00
,6a80e5cf-53dd-4903-8905-9e33239378dc,8410,31,Anton,,1.00,0.00,0.00,2.00,2.00,0.00,0.00,0.00,0.00,0.00,0.00,0.00,2.00,6.00,0.00,0.00
,26f9cae7-c4a2-4761-84ff-354cd430fada,8410,38,Chase,Broke down. ,0.00,0.00,0.00,0.00,0.00,0.00,0.00,0.00,0.00,0.00,0.00,0.00,0.00,0.00,0.00,0.00
,a1818be6-9a9b-4f86-bd7d-723d37698a23,8410,42,rachek,Sorry. I was looking at the wrong robot. ,1.00,2.00,0.00,3.00,0.00,0.00,0.00,0.00,0.00,0.00,0.00,0.00,12.00,6.00,0.00,0.00
,b0afd50e-ae5f-45f9-aac7-7fead5f7d84c,8410,48,Nicholas,Swerve. Can go under the chain. can do both speaker and amp. no auto. speaker shots inconsistent. can climb.,0.00,0.00,0.00,1.00,2.00,0.00,0.00,0.00,0.00,0.00,0.00,0.00,0.00,4.00,0.00,0.00
,c27cc7d3-a351-4ca3-960c-7f2588adb584,8708,3,Ash,Auto = 2. Speed = 4. Efficiency = 3. Can hang on chain. Can only score Speaker. ,1.00,2.00,0.00,3.00,0.00,0.00,0.00,0.00,1.00,0.00,0.00,0.00,12.00,6.00,3.00,9.00
,6d32ce91-69b1-4860-b1ed-7cc8a9c0cfa0,8708,12,Nicholas,Swerve. moved many pieces over to their side.,1.00,2.00,0.00,3.00,0.00,0.00,0.00,1.00,0.00,0.00,0.00,0.00,12.00,6.00,1.00,0.00
,a95eedcd-158b-4d4c-b169-988b0037b3a2,8708,16,Nicholas,,1.00,2.00,0.00,5.00,0.00,0.00,0.00,1.00,0.00,0.00,0.00,0.00,12.00,10.00,1.00,0.00
,1618ef83-890d-481d-972f-90502c80efbf,8708,19,logan,Launches notes across field,1.00,1.00,0.00,0.00,0.00,0.00,1.00,0.00,1.00,0.00,0.00,0.00,7.00,0.00,3.00,0.00
,dd22993c-97c5-4ce0-9c6e-07e257a315da,8708,26,DAB,"Choppy driving, missed a lot of shots.",0.00,1.00,0.00,4.00,0.00,0.00,0.00,1.00,0.00,0.00,0.00,0.00,5.00,8.00,1.00,0.00
,e3a371bc-1710-4ea8-a10c-9b12b9d5a899,8708,35,logan,,1.00,2.00,0.00,1.00,0.00,0.00,1.00,0.00,0.00,0.00,0.00,0.00,12.00,2.00,0.00,0.00
,61417721-429f-42bb-afec-60cb61b3ed50,8708,41,Zander,Did a lot of half court shots to move some notes to the speaker,0.00,2.00,0.00,1.00,0.00,0.00,0.00,0.00,0.00,0.00,0.00,0.00,10.00,2.00,0.00,0.00
,714f9c5c-e112-49a6-b518-ca1fb67110f3,8708,44,Zander,"If they tried to score all the pieces they shot across the field, they would've done a lot better. ",0.00,0.00,0.00,2.00,0.00,0.00,0.00,0.00,1.00,0.00,0.00,0.00,0.00,4.00,3.00,0.00
,d5726645-0072-4991-9e76-6d21fbb1cd8d,8708,51,Zander,,0.00,1.00,0.00,3.00,0.00,0.00,0.00,1.00,0.00,0.00,0.00,0.00,5.00,6.00,1.00,0.00
,cd0f2412-cbd5-43d5-9572-63c964aee39f,9096,6,Anton,Accuracy = 1. Speed = 3. Efficiency = 1. ,0.00,0.00,0.00,1.00,0.00,0.00,0.00,1.00,0.00,0.00,0.00,0.00,0.00,2.00,1.00,6.00
,431185e5-1d50-49c4-b4c9-28d094eaabbc,9096,10,terri,,0.00,0.00,0.00,2.00,0.00,0.00,0.00,0.00,0.00,0.00,0.00,0.00,0.00,4.00,0.00,0.00
,c706c3d0-c579-4012-b0b7-13c84c170f89,9096,14,Gage,Can only score Speaker. ,0.00,1.00,0.00,1.00,0.00,0.00,1.00,0.00,0.00,0.00,0.00,0.00,5.00,2.00,0.00,0.00
,423874a9-7f33-47b2-8ffe-9127a0262658,9096,19,Zander,Intake was having some issues this match,0.00,1.00,0.00,1.00,0.00,0.00,0.00,1.00,0.00,0.00,0.00,0.00,5.00,2.00,1.00,0.00
,ad818728-bdee-4277-9d12-c9ec2adec1d5,9096,24,Nicholas,couldn't shoot after a minute. got stuck and could not defend,0.00,1.00,0.00,2.00,0.00,0.00,0.00,0.00,0.00,0.00,0.00,0.00,5.00,4.00,0.00,0.00
,3230783e-4e75-47e6-b4a3-75545c6f3211,9096,33,Jean,,0.00,0.00,0.00,4.00,0.00,0.00,1.00,1.00,0.00,0.00,0.00,0.00,0.00,8.00,1.00,0.00
,001cc3fc-1ee7-4858-aa44-43389069104f,9096,39,Anton,Auto = 0. ,1.00,0.00,0.00,1.00,0.00,0.00,0.00,0.00,0.00,0.00,0.00,0.00,2.00,2.00,0.00,0.00
,34200c21-59e9-427d-a8cb-11fa2c7e3981,9096,42,Joyce,,0.00,0.00,0.00,2.00,0.00,0.00,0.00,1.00,0.00,0.00,0.00,0.00,0.00,4.00,1.00,0.00
,d77f124b-5b36-4d91-8fad-51986ed8e293,9096,49,DAB,,0.00,0.00,0.00,2.00,0.00,0.00,0.00,0.00,0.00,0.00,0.00,0.00,0.00,4.00,0.00,0.00
,106049a2-a4bb-4b1b-9a08-0f1fe8b43393,9732,5,Anton,Auto = 0. Speed = 1. Efficiency = 0. Stability = 0. Accuracy = 0. Defense = 2. ,1.00,0.00,0.00,1.00,0.00,0.00,0.00,1.00,0.00,0.00,0.00,0.00,2.00,2.00,1.00,3.00
,2e59f8ab-8e38-419a-ae0d-737a828ca114,9732,9,Chase,Can't pick from the floor. Can't go under the chain. robot bumped into several robots causing penalty,1.00,0.00,0.00,2.00,0.00,0.00,0.00,1.00,0.00,0.00,0.00,0.00,2.00,4.00,1.00,0.00
,fa405355-7e62-42ea-8e40-c4f0549d8cfb,9732,13,Jean,"Driver spun in circles a lot. They missed 50% of their shots. I missed what they did during auto, but they did leave.",1.00,0.00,0.00,2.00,0.00,0.00,1.00,1.00,0.00,0.00,0.00,0.00,2.00,4.00,1.00,0.00
,4fdb98fc-f0a8-4b15-badb-02cff62293f4,9732,18,Zander,They struggled with existing during that match,0.00,0.00,0.00,1.00,0.00,0.00,0.00,1.00,0.00,0.00,0.00,0.00,0.00,2.00,1.00,0.00
,edae1d85-0f80-4875-8b89-efe098785302,9732,30,Nicholas,,0.00,1.00,0.00,2.00,0.00,0.00,0.00,0.00,0.00,0.00,0.00,0.00,5.00,4.00,0.00,0.00
,141ee400-9fe0-458b-b791-0adc18da7c57,9732,35,Zander,Did a little scoring. did a little defending. and then stopped doing both. had a note stuck?,0.00,0.00,0.00,2.00,0.00,0.00,0.00,0.00,0.00,0.00,0.00,0.00,0.00,4.00,0.00,0.00
,af96ee8c-4700-43fe-adf5-9fb484f89f35,9732,38,rachek,Slow. floaty,0.00,0.00,0.00,3.00,0.00,0.00,0.00,1.00,0.00,0.00,0.00,0.00,0.00,6.00,1.00,0.00
,fa3f4ff9-d63c-45f0-8b4f-aa788fa48bdd,9732,43,Joyce,Auto = No auto. Can't pick from the floor. ,0.00,0.00,0.00,2.00,0.00,0.00,0.00,1.00,0.00,0.00,0.00,0.00,0.00,4.00,1.00,0.00
,b1db4121-fbbb-4766-93aa-4a541339ce6b,9732,50,terri,Can't pick from the floor. Can only score Speaker. ,1.00,0.00,0.00,3.00,0.00,0.00,0.00,1.00,0.00,0.00,0.00,0.00,2.00,6.00,1.00,0.00